title,description,publisher,id
Title: 0,Descriiiiiiiiiiiption: 0,1,1
Title: 1,Descriiiiiiiiiiiption: 1,1,2
Title: 2,Descriiiiiiiiiiiption: 2,1,3
Title: 3,Descriiiiiiiiiiiption: 3,1,4
Title: 4,Descriiiiiiiiiiiption: 4,1,5
Title: 5,Descriiiiiiiiiiiption: 5,1,6
Title: 6,Descriiiiiiiiiiiption: 6,1,7
Title: 7,Descriiiiiiiiiiiption: 7,1,8
Title: 8,Descriiiiiiiiiiiption: 8,1,9
Title: 9,Descriiiiiiiiiiiption: 9,1,10
Title: 10,Descriiiiiiiiiiiption: 10,1,11
Title: 11,Descriiiiiiiiiiiption: 11,1,12
Title: 12,Descriiiiiiiiiiiption: 12,1,13
Title: 13,Descriiiiiiiiiiiption: 13,1,14
Title: 14,Descriiiiiiiiiiiption: 14,1,15
Title: 15,Descriiiiiiiiiiiption: 15,1,16
Title: 16,Descriiiiiiiiiiiption: 16,1,17
Title: 17,Descriiiiiiiiiiiption: 17,1,18
Title: 18,Descriiiiiiiiiiiption: 18,1,19
Title: 19,Descriiiiiiiiiiiption: 19,1,20
Title: 20,Descriiiiiiiiiiiption: 20,1,21
Title: 21,Descriiiiiiiiiiiption: 21,1,22
Title: 22,Descriiiiiiiiiiiption: 22,1,23
Title: 23,Descriiiiiiiiiiiption: 23,1,24
Title: 24,Descriiiiiiiiiiiption: 24,1,25
Title: 25,Descriiiiiiiiiiiption: 25,1,26
Title: 26,Descriiiiiiiiiiiption: 26,1,27
Title: 27,Descriiiiiiiiiiiption: 27,1,28
Title: 28,Descriiiiiiiiiiiption: 28,1,29
Title: 29,Descriiiiiiiiiiiption: 29,1,30
Title: 30,Descriiiiiiiiiiiption: 30,1,31
Title: 31,Descriiiiiiiiiiiption: 31,1,32
Title: 32,Descriiiiiiiiiiiption: 32,1,33
Title: 33,Descriiiiiiiiiiiption: 33,1,34
Title: 34,Descriiiiiiiiiiiption: 34,1,35
Title: 35,Descriiiiiiiiiiiption: 35,1,36
Title: 36,Descriiiiiiiiiiiption: 36,1,37
Title: 37,Descriiiiiiiiiiiption: 37,1,38
Title: 38,Descriiiiiiiiiiiption: 38,1,39
Title: 39,Descriiiiiiiiiiiption: 39,1,40
Title: 40,Descriiiiiiiiiiiption: 40,1,41
Title: 41,Descriiiiiiiiiiiption: 41,1,42
Title: 42,Descriiiiiiiiiiiption: 42,1,43
Title: 43,Descriiiiiiiiiiiption: 43,1,44
Title: 44,Descriiiiiiiiiiiption: 44,1,45
Title: 45,Descriiiiiiiiiiiption: 45,1,46
Title: 46,Descriiiiiiiiiiiption: 46,1,47
Title: 47,Descriiiiiiiiiiiption: 47,1,48
Title: 48,Descriiiiiiiiiiiption: 48,1,49
Title: 49,Descriiiiiiiiiiiption: 49,1,50
